{
  "config_hash": "47267e1ec31336dd",
  "curve": [
    {
      "adaptation": {
        "accuracy_change": {
          "ci_high": 0.0,
          "ci_low": 0.0,
          "confidence": 0.95,
          "mean": 0.0,
          "n": 3,
          "standard_deviation": 0.0
        },
        "macro_f1": {
          "ci_high": 0.058420532839058896,
          "ci_low": 0.046372803637445885,
          "confidence": 0.95,
          "mean": 0.05239666823825239,
          "n": 3,
          "standard_deviation": 0.0024249318273752516
        },
        "top1_accuracy": {
          "ci_high": 0.9389625758263739,
          "ci_low": 0.6999263130625147,
          "confidence": 0.95,
          "mean": 0.8194444444444443,
          "n": 3,
          "standard_deviation": 0.048112522432468836
        }
      },
      "alpha": 0.0,
      "geometry": {
        "cosine_centroid_drift": {
          "ci_high": 0.0,
          "ci_low": 0.0,
          "confidence": 0.95,
          "mean": 0.0,
          "n": 3,
          "standard_deviation": 0.0
        },
        "frechet_distance": {
          "ci_high": 1.0321604682062002e-16,
          "ci_low": 1.0321604682062002e-16,
          "confidence": 0.95,
          "mean": 1.0321604682062002e-16,
          "n": 3,
          "standard_deviation": 0.0
        },
        "linear_cka": {
          "ci_high": 1.0,
          "ci_low": 1.0,
          "confidence": 0.95,
          "mean": 1.0,
          "n": 3,
          "standard_deviation": 0.0
        },
        "neighborhood_overlap_at_5": {
          "ci_high": 1.0,
          "ci_low": 1.0,
          "confidence": 0.95,
          "mean": 1.0,
          "n": 3,
          "standard_deviation": 0.0
        }
      },
      "retained": {
        "accuracy_change": {
          "ci_high": 0.0,
          "ci_low": 0.0,
          "confidence": 0.95,
          "mean": 0.0,
          "n": 3,
          "standard_deviation": 0.0
        },
        "macro_f1": {
          "ci_high": 0.6264285714285713,
          "ci_low": 0.6264285714285713,
          "confidence": 0.95,
          "mean": 0.6264285714285713,
          "n": 3,
          "standard_deviation": 0.0
        },
        "top1_accuracy": {
          "ci_high": 0.7333333333333333,
          "ci_low": 0.7333333333333333,
          "confidence": 0.95,
          "mean": 0.7333333333333333,
          "n": 3,
          "standard_deviation": 0.0
        }
      }
    },
    {
      "adaptation": {
        "accuracy_change": {
          "ci_high": 0.14729590915970736,
          "ci_low": -0.09174035360415178,
          "confidence": 0.95,
          "mean": 0.02777777777777779,
          "n": 3,
          "standard_deviation": 0.048112522432468836
        },
        "macro_f1": {
          "ci_high": 0.05885342067296467,
          "ci_low": 0.04864304325914282,
          "confidence": 0.95,
          "mean": 0.053748231966053744,
          "n": 3,
          "standard_deviation": 0.0020551150134562367
        },
        "top1_accuracy": {
          "ci_high": 0.9667403536041518,
          "ci_low": 0.7277040908402926,
          "confidence": 0.95,
          "mean": 0.8472222222222222,
          "n": 3,
          "standard_deviation": 0.048112522432468836
        }
      },
      "alpha": 0.25,
      "geometry": {
        "cosine_centroid_drift": {
          "ci_high": 0.0009052161669499779,
          "ci_low": 1.5097430194153786e-06,
          "confidence": 0.95,
          "mean": 0.00045336295498469664,
          "n": 3,
          "standard_deviation": 0.00018189539566504316
        },
        "frechet_distance": {
          "ci_high": 0.0004710001525728441,
          "ci_low": -3.1147851659444985e-05,
          "confidence": 0.95,
          "mean": 0.00021992615045669957,
          "n": 3,
          "standard_deviation": 0.00010107088706416245
        },
        "linear_cka": {
          "ci_high": 0.9993599480555075,
          "ci_low": 0.9991359431839493,
          "confidence": 0.95,
          "mean": 0.9992479456197284,
          "n": 3,
          "standard_deviation": 4.5087047811153396e-05
        },
        "neighborhood_overlap_at_5": {
          "ci_high": 0.9741861091128674,
          "ci_low": 0.9235916686649104,
          "confidence": 0.95,
          "mean": 0.9488888888888889,
          "n": 3,
          "standard_deviation": 0.010183501544346378
        }
      },
      "retained": {
        "accuracy_change": {
          "ci_high": 0.02558503033054958,
          "ci_low": -0.07002947477499401,
          "confidence": 0.95,
          "mean": -0.022222222222222216,
          "n": 3,
          "standard_deviation": 0.01924500897298752
        },
        "macro_f1": {
          "ci_high": 0.6392210865938461,
          "ci_low": 0.5914138340410744,
          "confidence": 0.95,
          "mean": 0.6153174603174603,
          "n": 3,
          "standard_deviation": 0.00962250448649373
        },
        "top1_accuracy": {
          "ci_high": 0.7589183636638828,
          "ci_low": 0.6633038585583391,
          "confidence": 0.95,
          "mean": 0.7111111111111109,
          "n": 3,
          "standard_deviation": 0.019245008972987525
        }
      }
    },
    {
      "adaptation": {
        "accuracy_change": {
          "ci_high": 0.22755207084430945,
          "ci_low": -0.08866318195542054,
          "confidence": 0.95,
          "mean": 0.06944444444444446,
          "n": 3,
          "standard_deviation": 0.06364688465216445
        },
        "macro_f1": {
          "ci_high": 0.05710887146012733,
          "ci_low": 0.053530763931983305,
          "confidence": 0.95,
          "mean": 0.05531981769605532,
          "n": 3,
          "standard_deviation": 0.0007201910568844599
        },
        "top1_accuracy": {
          "ci_high": 0.9486479545798535,
          "ci_low": 0.8291298231979242,
          "confidence": 0.95,
          "mean": 0.8888888888888888,
          "n": 3,
          "standard_deviation": 0.024056261216234387
        }
      },
      "alpha": 0.5,
      "geometry": {
        "cosine_centroid_drift": {
          "ci_high": 0.004147664196292266,
          "ci_low": -0.00017628961305293052,
          "confidence": 0.95,
          "mean": 0.001985687291619668,
          "n": 3,
          "standard_deviation": 0.0008703128230154615
        },
        "frechet_distance": {
          "ci_high": 0.0019315343899790694,
          "ci_low": -0.00021404547984240436,
          "confidence": 0.95,
          "mean": 0.0008587444550683326,
          "n": 3,
          "standard_deviation": 0.000431856064112825
        },
        "linear_cka": {
          "ci_high": 0.9974113725256185,
          "ci_low": 0.9964936503779295,
          "confidence": 0.95,
          "mean": 0.996952511451774,
          "n": 3,
          "standard_deviation": 0.0001847164397022094
        },
        "neighborhood_overlap_at_5": {
          "ci_high": 0.9564083313350894,
          "ci_low": 0.9058138908871328,
          "confidence": 0.95,
          "mean": 0.9311111111111111,
          "n": 3,
          "standard_deviation": 0.010183501544346269
        }
      },
      "retained": {
        "accuracy_change": {
          "ci_high": 0.03669614144166069,
          "ci_low": -0.0589183636638829,
          "confidence": 0.95,
          "mean": -0.011111111111111108,
          "n": 3,
          "standard_deviation": 0.01924500897298752
        },
        "macro_f1": {
          "ci_high": 0.6693367258037296,
          "ci_low": 0.5841553376883338,
          "confidence": 0.95,
          "mean": 0.6267460317460317,
          "n": 3,
          "standard_deviation": 0.017145061586657517
        },
        "top1_accuracy": {
          "ci_high": 0.7700294747749941,
          "ci_low": 0.6744149696694504,
          "confidence": 0.95,
          "mean": 0.7222222222222222,
          "n": 3,